<?xml version="1.0"?>
<!--<!DOCTYPE metadata SYSTEM "http://www.esri.com/metadata/esriprof80.dtd">-->
<metadata xml:lang="en"><Esri><CreaDate>20100909</CreaDate><CreaTime>13345000</CreaTime><SyncOnce>FALSE</SyncOnce><SyncDate>20100909</SyncDate><SyncTime>13343900</SyncTime><ModDate>20100909</ModDate><ModTime>13343900</ModTime><DataProperties><lineage><Process ToolSource="C:\Program Files\ArcGIS\ArcToolbox\Toolboxes\Conversion Tools.tbx\FeatureClassToFeatureClass" Date="20090326" Time="132121">FeatureClassToFeatureClass "C:\Documents and Settings\khoffman\My Documents\FW Information\Map\access_final.shp" "M:\Division_Workspaces\Fish_Wildlife\KHoffman\Access Site Database.gdb" AccessSites # "AccessID 'AccessID' true true false 16 Double 6 15 ,First,#,C:\Documents and Settings\khoffman\My Documents\FW Information\Map\access_final.shp,AccessID,-1,-1;LAND_TYPE 'LAND_TYPE' true true false 254 Text 0 0 ,First,#,C:\Documents and Settings\khoffman\My Documents\FW Information\Map\access_final.shp,LAND_TYPE,-1,-1;COUNTY1 'COUNTY1' true true false 254 Text 0 0 ,First,#,C:\Documents and Settings\khoffman\My Documents\FW Information\Map\access_final.shp,COUNTY1,-1,-1;QUAD 'QUAD' true true false 254 Text 0 0 ,First,#,C:\Documents and Settings\khoffman\My Documents\FW Information\Map\access_final.shp,QUAD,-1,-1;SITE_NAME 'SITE_NAME' true true false 254 Text 0 0 ,First,#,C:\Documents and Settings\khoffman\My Documents\FW Information\Map\access_final.shp,SITE_NAME,-1,-1;vaw_waterI 'vaw_waterI' true true false 16 Double 6 15 ,First,#,C:\Documents and Settings\khoffman\My Documents\FW Information\Map\access_final.shp,vaw_waterI,-1,-1;WATERBODY 'WATERBODY' true true false 254 Text 0 0 ,First,#,C:\Documents and Settings\khoffman\My Documents\FW Information\Map\access_final.shp,WATERBODY,-1,-1;GNISID 'GNISID' true true false 254 Text 0 0 ,First,#,C:\Documents and Settings\khoffman\My Documents\FW Information\Map\access_final.shp,GNISID,-1,-1;GNIS_NAME 'GNIS_NAME' true true false 254 Text 0 0 ,First,#,C:\Documents and Settings\khoffman\My Documents\FW Information\Map\access_final.shp,GNIS_NAME,-1,-1;COMID 'COMID' true true false 16 Double 6 15 ,First,#,C:\Documents and Settings\khoffman\My Documents\FW Information\Map\access_final.shp,COMID,-1,-1;WATER_TYPE 'WATER_TYPE' true true false 254 Text 0 0 ,First,#,C:\Documents and Settings\khoffman\My Documents\FW Information\Map\access_final.shp,WATER_TYPE,-1,-1;LOCATION 'LOCATION' true true false 254 Text 0 0 ,First,#,C:\Documents and Settings\khoffman\My Documents\FW Information\Map\access_final.shp,LOCATION,-1,-1;LAND_ACRES 'LAND_ACRES' true true false 16 Double 6 15 ,First,#,C:\Documents and Settings\khoffman\My Documents\FW Information\Map\access_final.shp,LAND_ACRES,-1,-1;ACQ_METHOD 'ACQ_METHOD' true true false 254 Text 0 0 ,First,#,C:\Documents and Settings\khoffman\My Documents\FW Information\Map\access_final.shp,ACQ_METHOD,-1,-1;YEAR_ACQUI 'YEAR_ACQUI' true true false 16 Double 6 15 ,First,#,C:\Documents and Settings\khoffman\My Documents\FW Information\Map\access_final.shp,YEAR_ACQUI,-1,-1;REGION 'REGION' true true false 254 Text 0 0 ,First,#,C:\Documents and Settings\khoffman\My Documents\FW Information\Map\access_final.shp,REGION,-1,-1;LAST_REHAB 'LAST_REHAB' true true false 254 Text 0 0 ,First,#,C:\Documents and Settings\khoffman\My Documents\FW Information\Map\access_final.shp,LAST_REHAB,-1,-1;ADA_ACCESS 'ADA_ACCESS' true true false 254 Text 0 0 ,First,#,C:\Documents and Settings\khoffman\My Documents\FW Information\Map\access_final.shp,ADA_ACCESS,-1,-1;BOAT_RAMP 'BOAT_RAMP' true true false 254 Text 0 0 ,First,#,C:\Documents and Settings\khoffman\My Documents\FW Information\Map\access_final.shp,BOAT_RAMP,-1,-1;SHORELINE 'SHORELINE' true true false 254 Text 0 0 ,First,#,C:\Documents and Settings\khoffman\My Documents\FW Information\Map\access_final.shp,SHORELINE,-1,-1;MOTOR 'MOTOR' true true false 254 Text 0 0 ,First,#,C:\Documents and Settings\khoffman\My Documents\FW Information\Map\access_final.shp,MOTOR,-1,-1;MOTOR_REST 'MOTOR_REST' true true false 254 Text 0 0 ,First,#,C:\Documents and Settings\khoffman\My Documents\FW Information\Map\access_final.shp,MOTOR_REST,-1,-1;TYPE_OF_LA 'TYPE_OF_LA' true true false 254 Text 0 0 ,First,#,C:\Documents and Settings\khoffman\My Documents\FW Information\Map\access_final.shp,TYPE_OF_LA,-1,-1;FEE 'FEE' true true false 254 Text 0 0 ,First,#,C:\Documents and Settings\khoffman\My Documents\FW Information\Map\access_final.shp,FEE,-1,-1;PROPERTY_M 'PROPERTY_M' true true false 254 Text 0 0 ,First,#,C:\Documents and Settings\khoffman\My Documents\FW Information\Map\access_final.shp,PROPERTY_M,-1,-1;EXPIRATION 'EXPIRATION' true true false 8 Date 0 0 ,First,#,C:\Documents and Settings\khoffman\My Documents\FW Information\Map\access_final.shp,EXPIRATION,-1,-1;TERM 'TERM' true true false 254 Text 0 0 ,First,#,C:\Documents and Settings\khoffman\My Documents\FW Information\Map\access_final.shp,TERM,-1,-1;LEASE_FEE 'LEASE_FEE' true true false 254 Text 0 0 ,First,#,C:\Documents and Settings\khoffman\My Documents\FW Information\Map\access_final.shp,LEASE_FEE,-1,-1;NEXT_DUE_D 'NEXT_DUE_D' true true false 8 Date 0 0 ,First,#,C:\Documents and Settings\khoffman\My Documents\FW Information\Map\access_final.shp,NEXT_DUE_D,-1,-1;NOTICE 'NOTICE' true true false 254 Text 0 0 ,First,#,C:\Documents and Settings\khoffman\My Documents\FW Information\Map\access_final.shp,NOTICE,-1,-1;WHO_IS_LEA 'WHO_IS_LEA' true true false 254 Text 0 0 ,First,#,C:\Documents and Settings\khoffman\My Documents\FW Information\Map\access_final.shp,WHO_IS_LEA,-1,-1;EASEMENTS 'EASEMENTS' true true false 254 Text 0 0 ,First,#,C:\Documents and Settings\khoffman\My Documents\FW Information\Map\access_final.shp,EASEMENTS,-1,-1;LONG_X 'LONG_X' true true false 16 Double 6 15 ,First,#,C:\Documents and Settings\khoffman\My Documents\FW Information\Map\access_final.shp,LONG_X,-1,-1;LAT_Y 'LAT_Y' true true false 16 Double 6 15 ,First,#,C:\Documents and Settings\khoffman\My Documents\FW Information\Map\access_final.shp,LAT_Y,-1,-1;UTM_X 'UTM_X' true true false 16 Double 6 15 ,First,#,C:\Documents and Settings\khoffman\My Documents\FW Information\Map\access_final.shp,UTM_X,-1,-1;UTM_Y 'UTM_Y' true true false 16 Double 6 15 ,First,#,C:\Documents and Settings\khoffman\My Documents\FW Information\Map\access_final.shp,UTM_Y,-1,-1;AMENITIES 'AMENITIES' true true false 254 Text 0 0 ,First,#,C:\Documents and Settings\khoffman\My Documents\FW Information\Map\access_final.shp,AMENITIES,-1,-1;YEAR_DEVEL 'YEAR_DEVEL' true true false 16 Double 6 15 ,First,#,C:\Documents and Settings\khoffman\My Documents\FW Information\Map\access_final.shp,YEAR_DEVEL,-1,-1;WALLOP_BRE 'WALLOP_BRE' true true false 16 Double 6 15 ,First,#,C:\Documents and Settings\khoffman\My Documents\FW Information\Map\access_final.shp,WALLOP_BRE,-1,-1;STATE___AM 'STATE___AM' true true false 16 Double 6 15 ,First,#,C:\Documents and Settings\khoffman\My Documents\FW Information\Map\access_final.shp,STATE___AM,-1,-1;TYPE_OF_RA 'TYPE_OF_RA' true true false 254 Text 0 0 ,First,#,C:\Documents and Settings\khoffman\My Documents\FW Information\Map\access_final.shp,TYPE_OF_RA,-1,-1;SPECIAL_PR 'SPECIAL_PR' true true false 254 Text 0 0 ,First,#,C:\Documents and Settings\khoffman\My Documents\FW Information\Map\access_final.shp,SPECIAL_PR,-1,-1;FW21D 'FW21D' true true false 254 Text 0 0 ,First,#,C:\Documents and Settings\khoffman\My Documents\FW Information\Map\access_final.shp,FW21D,-1,-1;FWA 'FWA' true true false 254 Text 0 0 ,First,#,C:\Documents and Settings\khoffman\My Documents\FW Information\Map\access_final.shp,FWA,-1,-1;FW_PAS 'FW_PAS' true true false 254 Text 0 0 ,First,#,C:\Documents and Settings\khoffman\My Documents\FW Information\Map\access_final.shp,FW_PAS,-1,-1;FW_PFA 'FW_PFA' true true false 254 Text 0 0 ,First,#,C:\Documents and Settings\khoffman\My Documents\FW Information\Map\access_final.shp,FW_PFA,-1,-1;Forestry 'Forestry' true true false 254 Text 0 0 ,First,#,C:\Documents and Settings\khoffman\My Documents\FW Information\Map\access_final.shp,Forestry,-1,-1;State_Park 'State_Park' true true false 254 Text 0 0 ,First,#,C:\Documents and Settings\khoffman\My Documents\FW Information\Map\access_final.shp,State_Park,-1,-1;Other_DNR 'Other_DNR' true true false 254 Text 0 0 ,First,#,C:\Documents and Settings\khoffman\My Documents\FW Information\Map\access_final.shp,Other_DNR,-1,-1" # "M:\Division_Workspaces\Fish_Wildlife\KHoffman\Access Site Database.gdb\AccessSites"</Process></lineage><itemProps><itemLocation><linkage Sync="TRUE">file://\\BL-UITS-GRANGER\Users\jppeters\Desktop\IT_Training_GIS\IT_Training_GIS\DNR_Public_Fishing</linkage><protocol Sync="TRUE">Local Area Network</protocol></itemLocation><itemName Sync="TRUE">DNR_Public_Fishing</itemName><imsContentType Sync="TRUE">002</imsContentType><nativeExtBox><westBL Sync="TRUE">411189.000000</westBL><eastBL Sync="TRUE">689292.000000</eastBL><southBL Sync="TRUE">4182397.000000</southBL><northBL Sync="TRUE">4623649.000000</northBL><exTypeCode Sync="TRUE">1</exTypeCode></nativeExtBox><itemSize Sync="TRUE">0.022</itemSize></itemProps><copyHistory><copy source="C:\Users\jppeters\Desktop\IT_Training_GIS\DNR_Public_Fishing" dest="\\BL-UITS-GRANGER\Users\jppeters\Desktop\IT_Training_GIS\IT_Training_GIS\DNR_Public_Fishing" date="20100909" time="13345000"></copy></copyHistory><coordRef><type Sync="TRUE">Projected</type><geogcsn Sync="TRUE">GCS_North_American_1983</geogcsn><projcsn Sync="TRUE">NAD_1983_UTM_Zone_16N</projcsn><peXml Sync="TRUE">&lt;ProjectedCoordinateSystem xsi:type='typens:ProjectedCoordinateSystem' xmlns:xsi='http://www.w3.org/2001/XMLSchema-instance' xmlns:xs='http://www.w3.org/2001/XMLSchema' xmlns:typens='http://www.esri.com/schemas/ArcGIS/10.0'&gt;&lt;WKT&gt;PROJCS[&amp;quot;NAD_1983_UTM_Zone_16N&amp;quot;,GEOGCS[&amp;quot;GCS_North_American_1983&amp;quot;,DATUM[&amp;quot;D_North_American_1983&amp;quot;,SPHEROID[&amp;quot;GRS_1980&amp;quot;,6378137.0,298.257222101]],PRIMEM[&amp;quot;Greenwich&amp;quot;,0.0],UNIT[&amp;quot;Degree&amp;quot;,0.0174532925199433]],PROJECTION[&amp;quot;Transverse_Mercator&amp;quot;],PARAMETER[&amp;quot;False_Easting&amp;quot;,500000.0],PARAMETER[&amp;quot;False_Northing&amp;quot;,0.0],PARAMETER[&amp;quot;Central_Meridian&amp;quot;,-87.0],PARAMETER[&amp;quot;Scale_Factor&amp;quot;,0.9996],PARAMETER[&amp;quot;Latitude_Of_Origin&amp;quot;,0.0],UNIT[&amp;quot;Meter&amp;quot;,1.0],AUTHORITY[&amp;quot;EPSG&amp;quot;,26916]]&lt;/WKT&gt;&lt;XOrigin&gt;-5120900&lt;/XOrigin&gt;&lt;YOrigin&gt;-9998100&lt;/YOrigin&gt;&lt;XYScale&gt;450445547.3910538&lt;/XYScale&gt;&lt;ZOrigin&gt;-100000&lt;/ZOrigin&gt;&lt;ZScale&gt;10000&lt;/ZScale&gt;&lt;MOrigin&gt;-100000&lt;/MOrigin&gt;&lt;MScale&gt;10000&lt;/MScale&gt;&lt;XYTolerance&gt;0.001&lt;/XYTolerance&gt;&lt;ZTolerance&gt;0.001&lt;/ZTolerance&gt;&lt;MTolerance&gt;0.001&lt;/MTolerance&gt;&lt;HighPrecision&gt;true&lt;/HighPrecision&gt;&lt;WKID&gt;26916&lt;/WKID&gt;&lt;/ProjectedCoordinateSystem&gt;</peXml></coordRef></DataProperties><ArcGISFormat>1.0</ArcGISFormat><ArcGISstyle>North American Profile of ISO19115 2003</ArcGISstyle></Esri><idinfo><native Sync="TRUE">Microsoft Windows XP Version 5.1 (Build 2600) Service Pack 2; ESRI ArcCatalog 9.3.0.1770</native><descript><langdata Sync="TRUE">en</langdata><abstract>REQUIRED: A brief narrative summary of the data set.</abstract><purpose>REQUIRED: A summary of the intentions with which the data set was developed.</purpose></descript><citation><citeinfo><origin>REQUIRED: The name of an organization or individual that developed the data set.</origin><pubdate>REQUIRED: The date when the data set is published or otherwise made available for release.</pubdate><title Sync="TRUE">AccessSites</title><ftname Sync="TRUE">AccessSites</ftname><geoform Sync="TRUE">vector digital data</geoform><onlink Sync="TRUE"></onlink></citeinfo></citation><timeperd><current>REQUIRED: The basis on which the time period of content information is determined.</current><timeinfo><sngdate><caldate>REQUIRED: The year (and optionally month, or month and day) for which the data set corresponds to the ground.</caldate></sngdate></timeinfo></timeperd><status><progress>REQUIRED: The state of the data set.</progress><update>REQUIRED: The frequency with which changes and additions are made to the data set after the initial data set is completed.</update></status><spdom><bounding><westbc Sync="TRUE">REQUIRED: Western-most coordinate of the limit of coverage expressed in longitude.</westbc><eastbc Sync="TRUE">REQUIRED: Eastern-most coordinate of the limit of coverage expressed in longitude.</eastbc><northbc Sync="TRUE">REQUIRED: Northern-most coordinate of the limit of coverage expressed in latitude.</northbc><southbc Sync="TRUE">REQUIRED: Southern-most coordinate of the limit of coverage expressed in latitude.</southbc></bounding></spdom><keywords><theme><themekt>REQUIRED: Reference to a formally registered thesaurus or a similar authoritative source of theme keywords.</themekt><themekey>REQUIRED: Common-use word or phrase used to describe the subject of the data set.</themekey></theme></keywords><accconst>REQUIRED: Restrictions and legal prerequisites for accessing the data set.</accconst><useconst>REQUIRED: Restrictions and legal prerequisites for using the data set after access is granted.</useconst><natvform Sync="TRUE">File Geodatabase Feature Class</natvform></idinfo><dataIdInfo><envirDesc Sync="TRUE">Microsoft Windows Server 2008 R2 Version 6.1 (Build 7600) ; ESRI ArcGIS 10.0.0.2414</envirDesc><dataLang><languageCode Sync="TRUE" value="eng" country="USA"></languageCode></dataLang><idCitation><resTitle Sync="TRUE">DNR_Public_Fishing</resTitle><presForm><PresFormCd value="005"></PresFormCd></presForm></idCitation><descKeys><thesaName uuidref="723f6998-058e-11dc-8314-0800200c9a66"></thesaName><keyword Sync="TRUE">002</keyword></descKeys><spatRpType><SpatRepTypCd value="001"></SpatRepTypCd></spatRpType><dataExt><geoEle><GeoBndBox esriExtentType="search"><westBL Sync="TRUE">-88.068351</westBL><eastBL Sync="TRUE">-84.723588</eastBL><northBL Sync="TRUE">41.764676</northBL><southBL Sync="TRUE">37.769328</southBL><exTypeCode Sync="TRUE">1</exTypeCode></GeoBndBox></geoEle></dataExt></dataIdInfo><metainfo><langmeta Sync="TRUE">en</langmeta><metstdn Sync="TRUE">FGDC Content Standards for Digital Geospatial Metadata</metstdn><metstdv Sync="TRUE">FGDC-STD-001-1998</metstdv><mettc Sync="TRUE">local time</mettc><metc><cntinfo><cntorgp><cntper>REQUIRED: The person responsible for the metadata information.</cntper><cntorg>REQUIRED: The organization responsible for the metadata information.</cntorg></cntorgp><cntaddr><addrtype>REQUIRED: The mailing and/or physical address for the organization or individual.</addrtype><city>REQUIRED: The city of the address.</city><state>REQUIRED: The state or province of the address.</state><postal>REQUIRED: The ZIP or other postal code of the address.</postal></cntaddr><cntvoice>REQUIRED: The telephone number by which individuals can speak to the organization or individual.</cntvoice></cntinfo></metc><metd Sync="TRUE">20090326</metd></metainfo><mdLang><languageCode Sync="TRUE" value="eng"></languageCode></mdLang><mdStanName Sync="TRUE">ISO 19115 Geographic Information - Metadata</mdStanName><mdStanVer Sync="TRUE">DIS_ESRI1.0</mdStanVer><mdChar><CharSetCd Sync="TRUE" value="004"></CharSetCd></mdChar><mdHrLv><ScopeCd Sync="TRUE" value="005"></ScopeCd></mdHrLv><mdHrLvName Sync="TRUE">dataset</mdHrLvName><distinfo><resdesc Sync="TRUE">Downloadable Data</resdesc></distinfo><distInfo><distributor><distorTran><onLineSrc><orDesc Sync="TRUE">002</orDesc><linkage Sync="TRUE">file://</linkage><protocol Sync="TRUE">Local Area Network</protocol></onLineSrc></distorTran><distorFormat><formatName Sync="TRUE">File Geodatabase Feature Class</formatName></distorFormat></distributor><distFormat><formatName Sync="TRUE">Shapefile</formatName></distFormat><distTranOps><transSize Sync="TRUE">0.022</transSize></distTranOps></distInfo><spdoinfo><direct Sync="TRUE">Vector</direct><ptvctinf><esriterm Name="DNR_Public_Fishing"><efeatyp Sync="TRUE">Simple</efeatyp><efeageom Sync="TRUE">1</efeageom><esritopo Sync="TRUE">FALSE</esritopo><efeacnt Sync="TRUE">808</efeacnt><spindex Sync="TRUE">TRUE</spindex><linrefer Sync="TRUE">FALSE</linrefer></esriterm></ptvctinf></spdoinfo><spref><horizsys><cordsysn><geogcsn Sync="TRUE">GCS_North_American_1983</geogcsn><projcsn Sync="TRUE">NAD_1983_UTM_Zone_16N</projcsn></cordsysn><planar><planci><plance Sync="TRUE">coordinate pair</plance><plandu Sync="TRUE">meters</plandu><coordrep><absres Sync="TRUE">0.000100</absres><ordres Sync="TRUE">0.000100</ordres></coordrep></planci></planar><geodetic><horizdn Sync="TRUE">North American Datum of 1983</horizdn><ellips Sync="TRUE">Geodetic Reference System 80</ellips><semiaxis Sync="TRUE">6378137.000000</semiaxis><denflat Sync="TRUE">298.257222</denflat></geodetic></horizsys></spref><refSysInfo><RefSystem><refSysID><identCode Sync="TRUE" code="26916">NAD_1983_UTM_Zone_16N</identCode><idCodeSpace Sync="TRUE">EPSG</idCodeSpace><idVersion Sync="TRUE">7.4.1</idVersion></refSysID></RefSystem></refSysInfo><spatRepInfo><VectSpatRep><topLvl><TopoLevCd Sync="TRUE" value="001"></TopoLevCd></topLvl><geometObjs Name="AccessSites"><geoObjTyp><GeoObjTypCd Sync="TRUE" value="004"></GeoObjTypCd><geoObjCnt Sync="TRUE">808</geoObjCnt></geoObjTyp><geoObjCnt Sync="TRUE">0</geoObjCnt></geometObjs></VectSpatRep></spatRepInfo><eainfo><detailed Name="DNR_Public_Fishing"><enttyp><enttypl Sync="TRUE">DNR_Public_Fishing</enttypl><enttypt Sync="TRUE">Feature Class</enttypt><enttypc Sync="TRUE">808</enttypc></enttyp><attr><attrlabl Sync="TRUE">FID</attrlabl><attalias Sync="TRUE">FID</attalias><attrtype Sync="TRUE">OID</attrtype><attwidth Sync="TRUE">4</attwidth><atprecis Sync="TRUE">0</atprecis><attscale Sync="TRUE">0</attscale><attrdef Sync="TRUE">Internal feature number.</attrdef><attrdefs Sync="TRUE">ESRI</attrdefs><attrdomv><udom Sync="TRUE">Sequential unique whole numbers that are automatically generated.</udom></attrdomv></attr><attr><attrlabl Sync="TRUE">OBJECTID</attrlabl><attalias Sync="TRUE">OBJECTID</attalias><attrtype Sync="TRUE">Integer</attrtype><attwidth Sync="TRUE">9</attwidth><atprecis Sync="TRUE">9</atprecis><attscale Sync="TRUE">0</attscale><attrdef Sync="TRUE">Internal feature number.</attrdef><attrdefs Sync="TRUE">ESRI</attrdefs><attrdomv><udom Sync="TRUE">Sequential unique whole numbers that are automatically generated.</udom></attrdomv></attr><attr><attrlabl Sync="TRUE">Shape</attrlabl><attalias Sync="TRUE">Shape</attalias><attrtype Sync="TRUE">Geometry</attrtype><attwidth Sync="TRUE">0</attwidth><atprecis Sync="TRUE">0</atprecis><attscale Sync="TRUE">0</attscale><attrdef Sync="TRUE">Feature geometry.</attrdef><attrdefs Sync="TRUE">ESRI</attrdefs><attrdomv><udom Sync="TRUE">Coordinates defining the features.</udom></attrdomv></attr><attr><attrlabl Sync="TRUE">LAND_TYPE</attrlabl><attalias Sync="TRUE">LAND_TYPE</attalias><attrtype Sync="TRUE">String</attrtype><attwidth Sync="TRUE">254</attwidth><atprecis Sync="TRUE">0</atprecis><attscale Sync="TRUE">0</attscale></attr><attr><attrlabl Sync="TRUE">QUAD</attrlabl><attalias Sync="TRUE">QUAD</attalias><attrtype Sync="TRUE">String</attrtype><attwidth Sync="TRUE">254</attwidth><atprecis Sync="TRUE">0</atprecis><attscale Sync="TRUE">0</attscale></attr><attr><attrlabl Sync="TRUE">SITE_NAME</attrlabl><attalias Sync="TRUE">SITE_NAME</attalias><attrtype Sync="TRUE">String</attrtype><attwidth Sync="TRUE">254</attwidth><atprecis Sync="TRUE">0</atprecis><attscale Sync="TRUE">0</attscale></attr><attr><attrlabl Sync="TRUE">WATERBODY</attrlabl><attalias Sync="TRUE">WATERBODY</attalias><attrtype Sync="TRUE">String</attrtype><attwidth Sync="TRUE">254</attwidth><atprecis Sync="TRUE">0</atprecis><attscale Sync="TRUE">0</attscale></attr><attr><attrlabl Sync="TRUE">ADA_ACCESS</attrlabl><attalias Sync="TRUE">ADA_ACCESS</attalias><attrtype Sync="TRUE">String</attrtype><attwidth Sync="TRUE">254</attwidth><atprecis Sync="TRUE">0</atprecis><attscale Sync="TRUE">0</attscale></attr><attr><attrlabl Sync="TRUE">BOAT_RAMP</attrlabl><attalias Sync="TRUE">BOAT_RAMP</attalias><attrtype Sync="TRUE">String</attrtype><attwidth Sync="TRUE">254</attwidth><atprecis Sync="TRUE">0</atprecis><attscale Sync="TRUE">0</attscale></attr><attr><attrlabl Sync="TRUE">SHORELINE</attrlabl><attalias Sync="TRUE">SHORELINE</attalias><attrtype Sync="TRUE">String</attrtype><attwidth Sync="TRUE">254</attwidth><atprecis Sync="TRUE">0</atprecis><attscale Sync="TRUE">0</attscale></attr><attr><attrlabl Sync="TRUE">MOTOR</attrlabl><attalias Sync="TRUE">MOTOR</attalias><attrtype Sync="TRUE">String</attrtype><attwidth Sync="TRUE">254</attwidth><atprecis Sync="TRUE">0</atprecis><attscale Sync="TRUE">0</attscale></attr><attr><attrlabl Sync="TRUE">MOTOR_REST</attrlabl><attalias Sync="TRUE">MOTOR_REST</attalias><attrtype Sync="TRUE">String</attrtype><attwidth Sync="TRUE">254</attwidth><atprecis Sync="TRUE">0</atprecis><attscale Sync="TRUE">0</attscale></attr><attr><attrlabl Sync="TRUE">TYPE_OF_LA</attrlabl><attalias Sync="TRUE">TYPE_OF_LA</attalias><attrtype Sync="TRUE">String</attrtype><attwidth Sync="TRUE">254</attwidth><atprecis Sync="TRUE">0</atprecis><attscale Sync="TRUE">0</attscale></attr><attr><attrlabl Sync="TRUE">FEE</attrlabl><attalias Sync="TRUE">FEE</attalias><attrtype Sync="TRUE">String</attrtype><attwidth Sync="TRUE">254</attwidth><atprecis Sync="TRUE">0</atprecis><attscale Sync="TRUE">0</attscale></attr><attr><attrlabl Sync="TRUE">PROPERTY_M</attrlabl><attalias Sync="TRUE">PROPERTY_M</attalias><attrtype Sync="TRUE">String</attrtype><attwidth Sync="TRUE">254</attwidth><atprecis Sync="TRUE">0</atprecis><attscale Sync="TRUE">0</attscale></attr><attr><attrlabl Sync="TRUE">LONG_X</attrlabl><attalias Sync="TRUE">LONG_X</attalias><attrtype Sync="TRUE">Double</attrtype><attwidth Sync="TRUE">19</attwidth><atprecis Sync="TRUE">0</atprecis><attscale Sync="TRUE">0</attscale></attr><attr><attrlabl Sync="TRUE">LAT_Y</attrlabl><attalias Sync="TRUE">LAT_Y</attalias><attrtype Sync="TRUE">Double</attrtype><attwidth Sync="TRUE">19</attwidth><atprecis Sync="TRUE">0</atprecis><attscale Sync="TRUE">0</attscale></attr><attr><attrlabl Sync="TRUE">UTM_X</attrlabl><attalias Sync="TRUE">UTM_X</attalias><attrtype Sync="TRUE">Double</attrtype><attwidth Sync="TRUE">19</attwidth><atprecis Sync="TRUE">0</atprecis><attscale Sync="TRUE">0</attscale></attr><attr><attrlabl Sync="TRUE">UTM_Y</attrlabl><attalias Sync="TRUE">UTM_Y</attalias><attrtype Sync="TRUE">Double</attrtype><attwidth Sync="TRUE">19</attwidth><atprecis Sync="TRUE">0</atprecis><attscale Sync="TRUE">0</attscale></attr><attr><attrlabl Sync="TRUE">TYPE_OF_RA</attrlabl><attalias Sync="TRUE">TYPE_OF_RA</attalias><attrtype Sync="TRUE">String</attrtype><attwidth Sync="TRUE">254</attwidth><atprecis Sync="TRUE">0</atprecis><attscale Sync="TRUE">0</attscale></attr></detailed></eainfo><mdDateSt Sync="TRUE">20100909</mdDateSt><dataqual><lineage><procstep><procdesc Sync="TRUE">Dataset copied.</procdesc><srcused Sync="TRUE">\\giswrkp01pw\DNR\Division_Workspaces\Fish_Wildlife\AccessSites\AccessSiteDatabase.gdb</srcused><procdate Sync="TRUE">20091009</procdate><proctime Sync="TRUE">15422200</proctime></procstep></lineage></dataqual></metadata>
